{
    "Arthritis": {
        "precision": 0.0,
        "recall": 0.0,
        "f1-score": 0.0,
        "support": 185.0
    },
    "Asthma": {
        "precision": 0.9658119658119658,
        "recall": 0.6312849162011173,
        "f1-score": 0.7635135135135135,
        "support": 179.0
    },
    "Cancer": {
        "precision": 0.9807692307692307,
        "recall": 0.864406779661017,
        "f1-score": 0.918918918918919,
        "support": 118.0
    },
    "Diabetes": {
        "precision": 0.9522431259044862,
        "recall": 0.9676470588235294,
        "f1-score": 0.9598832968636032,
        "support": 680.0
    },
    "Healthy": {
        "precision": 0.9623824451410659,
        "recall": 0.9967532467532467,
        "f1-score": 0.9792663476874003,
        "support": 308.0
    },
    "Hypertension": {
        "precision": 0.7013232514177694,
        "recall": 0.9661458333333334,
        "f1-score": 0.8127053669222344,
        "support": 768.0
    },
    "Obesity": {
        "precision": 0.871875,
        "recall": 0.7520215633423181,
        "f1-score": 0.8075253256150506,
        "support": 371.0
    },
    "accuracy": 0.8436182445381372,
    "macro avg": {
        "precision": 0.776343574149217,
        "recall": 0.7397513425877945,
        "f1-score": 0.7488303956458172,
        "support": 2609.0
    },
    "weighted avg": {
        "precision": 0.8028486438936209,
        "recall": 0.8436182445381372,
        "f1-score": 0.8137928884268995,
        "support": 2609.0
    }
}